"","dist_bin","s_focal","s_del","delta_r2","demography"
"1",10,0,0.001,-0.155728679057538,"long"
"2",15,0,0.001,-0.150683557555249,"long"
"3",20,0,0.001,-0.157072445123197,"long"
"4",25,0,0.001,-0.145747792472608,"long"
"5",50,0,0.001,-0.131773560255482,"long"
"6",75,0,0.001,-0.09242451675474,"long"
"7",100,0,0.001,-0.086863601460971,"long"
"8",125,0,0.001,-0.071646985952358,"long"
"9",150,0,0.001,-0.052481305681765,"long"
"10",175,0,0.001,-0.048889188072951,"long"
"11",200,0,0.001,-0.027961529928531,"long"
"12",250,0,0.001,-0.024855805121078,"long"
"13",300,0,0.001,-0.014301246624686,"long"
"14",350,0,0.001,-0.011177237084331,"long"
"15",400,0,0.001,-0.00715297111402599,"long"
"16",450,0,0.001,0.00174557809737499,"long"
"17",500,0,0.001,0.003493518554714,"long"
"18",550,0,0.001,0.004691727177316,"long"
"19",600,0,0.001,0.00835014507458998,"long"
"20",650,0,0.001,0.00719371443933101,"long"
"21",700,0,0.001,0.00905545290586,"long"
"22",750,0,0.001,0.006225924221895,"long"
"23",800,0,0.001,0.008662426212784,"long"
"24",850,0,0.001,0.008862889848973,"long"
"25",900,0,0.001,0.0082528883283241,"long"
"26",950,0,0.001,0.00677057502253291,"long"
"27",1000,0,0.001,0.0049809406032517,"long"
"28",1050,0,0.001,0.00738835234022001,"long"
"29",1100,0,0.001,0.00855972333568621,"long"
"30",1150,0,0.001,0.0050406468866047,"long"
"31",1200,0,0.001,0.003774201091879,"long"
"32",1300,0,0.001,0.0065207740256585,"long"
"33",1400,0,0.001,0.0061976125743709,"long"
"34",1500,0,0.001,0.0045399906095191,"long"
"35",1600,0,0.001,0.0035499802914862,"long"
"36",1700,0,0.001,0.0031724671610927,"long"
"37",1800,0,0.001,0.0034065675724813,"long"
"38",1900,0,0.001,0.0035264921204821,"long"
"39",2000,0,0.001,0.0044413267420365,"long"
"40",2500,0,0.001,0.0025129567577391,"long"
"41",3000,0,0.001,0.0023758413136779,"long"
"42",3500,0,0.001,0.0014056568856582,"long"
"43",4000,0,0.001,0.000709439956058298,"long"
"44",4500,0,0.001,0.0010031226527568,"long"
"45",5000,0,0.001,0.000502433242244499,"long"
"46",7500,0,0.001,0.000500791488224499,"long"
"47",10000,0,0.001,0.000344973808118501,"long"
"48",10,0,0.001,-0.10594348910449,"short"
"49",15,0,0.001,-0.136086746399017,"short"
"50",20,0,0.001,-0.115288760409282,"short"
"51",25,0,0.001,-0.131612887601382,"short"
"52",50,0,0.001,-0.102009334755825,"short"
"53",75,0,0.001,-0.081307879041419,"short"
"54",100,0,0.001,-0.067372127259847,"short"
"55",125,0,0.001,-0.057572457339398,"short"
"56",150,0,0.001,-0.027204219831793,"short"
"57",175,0,0.001,-0.02428901356038,"short"
"58",200,0,0.001,-0.013328236675128,"short"
"59",250,0,0.001,-0.010213155174427,"short"
"60",300,0,0.001,-0.000991556435329999,"short"
"61",350,0,0.001,0.00597951206347999,"short"
"62",400,0,0.001,0.00733256385935502,"short"
"63",450,0,0.001,0.013648686011494,"short"
"64",500,0,0.001,0.017812736264129,"short"
"65",550,0,0.001,0.014067212691907,"short"
"66",600,0,0.001,0.012868440958843,"short"
"67",650,0,0.001,0.00848883394609019,"short"
"68",700,0,0.001,0.0131839135209779,"short"
"69",750,0,0.001,0.0171543708482699,"short"
"70",800,0,0.001,0.0126350949063537,"short"
"71",850,0,0.001,0.0151726714169618,"short"
"72",900,0,0.001,0.0136095770906292,"short"
"73",950,0,0.001,0.0119629234322776,"short"
"74",1000,0,0.001,0.0095451924896003,"short"
"75",1050,0,0.001,0.0081293404305671,"short"
"76",1100,0,0.001,0.00994215186891011,"short"
"77",1150,0,0.001,0.0049802528510229,"short"
"78",1200,0,0.001,0.00928250435317111,"short"
"79",1300,0,0.001,0.006717063912372,"short"
"80",1400,0,0.001,0.0084687844460577,"short"
"81",1500,0,0.001,0.0081844312023427,"short"
"82",1600,0,0.001,0.0065542736513483,"short"
"83",1700,0,0.001,0.00535698576553301,"short"
"84",1800,0,0.001,0.005270767954696,"short"
"85",1900,0,0.001,0.00437987792016081,"short"
"86",2000,0,0.001,0.0066061785103399,"short"
"87",2500,0,0.001,0.0036818318358877,"short"
"88",3000,0,0.001,0.0031549205577951,"short"
"89",3500,0,0.001,0.002770094736233,"short"
"90",4000,0,0.001,0.0022729871968696,"short"
"91",4500,0,0.001,0.0021904158998155,"short"
"92",5000,0,0.001,0.0016708825025674,"short"
"93",7500,0,0.001,0.0012215150247933,"short"
"94",10000,0,0.001,0.001307989329834,"short"
"95",10,0,0.001,-0.074024512202074,"none"
"96",15,0,0.001,-0.106051043005236,"none"
"97",20,0,0.001,-0.147301685515814,"none"
"98",25,0,0.001,-0.148727034878314,"none"
"99",50,0,0.001,-0.0952793491209031,"none"
"100",75,0,0.001,-0.060120954912541,"none"
"101",100,0,0.001,-0.03539909507112,"none"
"102",125,0,0.001,-0.023200191082388,"none"
"103",150,0,0.001,-0.034123974649256,"none"
"104",175,0,0.001,-0.00198486619226601,"none"
"105",200,0,0.001,-0.00469136571179701,"none"
"106",250,0,0.001,0.014233152258675,"none"
"107",300,0,0.001,-0.000665440692223018,"none"
"108",350,0,0.001,0.00308740636702701,"none"
"109",400,0,0.001,0.00316363213440399,"none"
"110",450,0,0.001,-0.000213787295083007,"none"
"111",500,0,0.001,-0.00429865815252599,"none"
"112",550,0,0.001,0.012932062204635,"none"
"113",600,0,0.001,0.0081799893247021,"none"
"114",650,0,0.001,-0.0016838378717539,"none"
"115",700,0,0.001,0.0124878639686736,"none"
"116",750,0,0.001,0.0111671213656962,"none"
"117",800,0,0.001,0.0063237519941195,"none"
"118",850,0,0.001,-0.00203373165349961,"none"
"119",900,0,0.001,-0.000615345595145096,"none"
"120",950,0,0.001,0.000954372933324198,"none"
"121",1000,0,0.001,-0.0031801299043842,"none"
"122",1050,0,0.001,0.0055462263042384,"none"
"123",1100,0,0.001,0.0032982177621333,"none"
"124",1150,0,0.001,-0.000289125473616203,"none"
"125",1200,0,0.001,-0.000126787322636296,"none"
"126",1300,0,0.001,0.0040549073746218,"none"
"127",1400,0,0.001,0.0013913217440756,"none"
"128",1500,0,0.001,0.0014805787666591,"none"
"129",1600,0,0.001,0.0030123820472731,"none"
"130",1700,0,0.001,0.0039136427762824,"none"
"131",1800,0,0.001,0.0035127156236767,"none"
"132",1900,0,0.001,0.000776464126255698,"none"
"133",2000,0,0.001,-0.0012042902086567,"none"
"134",2500,0,0.001,0.000723616731533101,"none"
"135",3000,0,0.001,-8.51202470318994e-05,"none"
"136",3500,0,0.001,0.0013434667894617,"none"
"137",4000,0,0.001,-8.42912895734974e-05,"none"
"138",4500,0,0.001,-0.000550453831905898,"none"
"139",5000,0,0.001,-0.000116320021248902,"none"
"140",7500,0,0.001,-0.0002847645920795,"none"
"141",10000,0,0.001,-0.000258257996954,"none"
"142",10,0.01,0.001,-0.134239065803745,"none"
"143",15,0.01,0.001,-0.115295682693462,"none"
"144",20,0.01,0.001,-0.105965223555054,"none"
"145",25,0.01,0.001,-0.096447145731917,"none"
"146",50,0.01,0.001,-0.078652840304058,"none"
"147",75,0.01,0.001,-0.046437386129386,"none"
"148",100,0.01,0.001,-0.03208021088866,"none"
"149",125,0.01,0.001,-0.00958286724749502,"none"
"150",150,0.01,0.001,0.00169350657933898,"none"
"151",175,0.01,0.001,0.016601221361872,"none"
"152",200,0.01,0.001,0.017104103518368,"none"
"153",250,0.01,0.001,0.023428351000871,"none"
"154",300,0.01,0.001,0.029259624687381,"none"
"155",350,0.01,0.001,0.033693525867103,"none"
"156",400,0.01,0.001,0.035716211131596,"none"
"157",450,0.01,0.001,0.035205828483405,"none"
"158",500,0.01,0.001,0.037872181601947,"none"
"159",550,0.01,0.001,0.030055206661968,"none"
"160",600,0.01,0.001,0.033245092907038,"none"
"161",650,0.01,0.001,0.029975152872005,"none"
"162",700,0.01,0.001,0.0290467046149472,"none"
"163",750,0.01,0.001,0.027483763092137,"none"
"164",800,0.01,0.001,0.0266299514535813,"none"
"165",850,0.01,0.001,0.0232387743901586,"none"
"166",900,0.01,0.001,0.0245980591588976,"none"
"167",950,0.01,0.001,0.0240825756375725,"none"
"168",1000,0.01,0.001,0.0211246475109039,"none"
"169",1050,0.01,0.001,0.0201986574139922,"none"
"170",1100,0.01,0.001,0.0188191040828049,"none"
"171",1150,0.01,0.001,0.0180723970946816,"none"
"172",1200,0.01,0.001,0.0165191251447282,"none"
"173",1300,0.01,0.001,0.0153321228335944,"none"
"174",1400,0.01,0.001,0.01353447162628,"none"
"175",1500,0.01,0.001,0.0124421782839825,"none"
"176",1600,0.01,0.001,0.0109616731559231,"none"
"177",1700,0.01,0.001,0.0099127058778362,"none"
"178",1800,0.01,0.001,0.0083555828059234,"none"
"179",1900,0.01,0.001,0.0074403897472122,"none"
"180",2000,0.01,0.001,0.0063646017471365,"none"
"181",2500,0.01,0.001,0.0054548887699991,"none"
"182",3000,0.01,0.001,0.0033169388004081,"none"
"183",3500,0.01,0.001,0.0021838557639197,"none"
"184",4000,0.01,0.001,0.0014530317228782,"none"
"185",4500,0.01,0.001,0.0010370982658958,"none"
"186",5000,0.01,0.001,0.000872495029913798,"none"
"187",7500,0.01,0.001,0.000496771054111401,"none"
"188",10000,0.01,0.001,0.000468073732192199,"none"
"189",10,0.05,0.001,-0.102916571429555,"none"
"190",15,0.05,0.001,-0.08518644116199,"none"
"191",20,0.05,0.001,-0.0789165561472209,"none"
"192",25,0.05,0.001,-0.0616668615902349,"none"
"193",50,0.05,0.001,-0.041113287013424,"none"
"194",75,0.05,0.001,-0.00482275585304692,"none"
"195",100,0.05,0.001,0.019631864409391,"none"
"196",125,0.05,0.001,0.042885430439654,"none"
"197",150,0.05,0.001,0.055764888422534,"none"
"198",175,0.05,0.001,0.062602022563885,"none"
"199",200,0.05,0.001,0.08544374649072,"none"
"200",250,0.05,0.001,0.090324319572817,"none"
"201",300,0.05,0.001,0.102896283535696,"none"
"202",350,0.05,0.001,0.105110793976561,"none"
"203",400,0.05,0.001,0.11136302504133,"none"
"204",450,0.05,0.001,0.113661392306035,"none"
"205",500,0.05,0.001,0.114137009447791,"none"
"206",550,0.05,0.001,0.116037984770413,"none"
"207",600,0.05,0.001,0.116767313092801,"none"
"208",650,0.05,0.001,0.118191528260833,"none"
"209",700,0.05,0.001,0.11461752503437,"none"
"210",750,0.05,0.001,0.115445048274816,"none"
"211",800,0.05,0.001,0.114205775462939,"none"
"212",850,0.05,0.001,0.111217042237563,"none"
"213",900,0.05,0.001,0.109961427618667,"none"
"214",950,0.05,0.001,0.106288394957384,"none"
"215",1000,0.05,0.001,0.103179463352075,"none"
"216",1050,0.05,0.001,0.101715177606246,"none"
"217",1100,0.05,0.001,0.097588525168331,"none"
"218",1150,0.05,0.001,0.100031841926173,"none"
"219",1200,0.05,0.001,0.098845180684482,"none"
"220",1300,0.05,0.001,0.092205255113798,"none"
"221",1400,0.05,0.001,0.089337536541344,"none"
"222",1500,0.05,0.001,0.087353052050431,"none"
"223",1600,0.05,0.001,0.083889420521642,"none"
"224",1700,0.05,0.001,0.080519593172938,"none"
"225",1800,0.05,0.001,0.076720031638139,"none"
"226",1900,0.05,0.001,0.074106558418249,"none"
"227",2000,0.05,0.001,0.07228226167932,"none"
"228",2500,0.05,0.001,0.0630378421210565,"none"
"229",3000,0.05,0.001,0.0517050418362969,"none"
"230",3500,0.05,0.001,0.0413533073380651,"none"
"231",4000,0.05,0.001,0.0343346973378986,"none"
"232",4500,0.05,0.001,0.0277089287373158,"none"
"233",5000,0.05,0.001,0.0227300864729032,"none"
"234",7500,0.05,0.001,0.0146612306542675,"none"
"235",10000,0.05,0.001,0.0068337219874885,"none"
"236",10,0.1,0.001,-0.098656662538379,"none"
"237",15,0.1,0.001,-0.0837454176034711,"none"
"238",20,0.1,0.001,-0.068760581423365,"none"
"239",25,0.1,0.001,-0.06160511332415,"none"
"240",50,0.1,0.001,-0.0266980045484919,"none"
"241",75,0.1,0.001,0.00883932064205495,"none"
"242",100,0.1,0.001,0.041613931146166,"none"
"243",125,0.1,0.001,0.054294566864813,"none"
"244",150,0.1,0.001,0.072692154383093,"none"
"245",175,0.1,0.001,0.086175190554,"none"
"246",200,0.1,0.001,0.096281038353307,"none"
"247",250,0.1,0.001,0.111529409634111,"none"
"248",300,0.1,0.001,0.121928965288805,"none"
"249",350,0.1,0.001,0.131757467416309,"none"
"250",400,0.1,0.001,0.131062024874903,"none"
"251",450,0.1,0.001,0.137444732523331,"none"
"252",500,0.1,0.001,0.141715328251447,"none"
"253",550,0.1,0.001,0.142461222613688,"none"
"254",600,0.1,0.001,0.140177144455896,"none"
"255",650,0.1,0.001,0.14002624556977,"none"
"256",700,0.1,0.001,0.142102349792393,"none"
"257",750,0.1,0.001,0.14322480942228,"none"
"258",800,0.1,0.001,0.141794251177367,"none"
"259",850,0.1,0.001,0.142766352078071,"none"
"260",900,0.1,0.001,0.142309207390316,"none"
"261",950,0.1,0.001,0.141864896857432,"none"
"262",1000,0.1,0.001,0.13835219513079,"none"
"263",1050,0.1,0.001,0.138953355967052,"none"
"264",1100,0.1,0.001,0.13623678896264,"none"
"265",1150,0.1,0.001,0.137029965989191,"none"
"266",1200,0.1,0.001,0.13599286748034,"none"
"267",1300,0.1,0.001,0.13167089588564,"none"
"268",1400,0.1,0.001,0.128008430396645,"none"
"269",1500,0.1,0.001,0.124435185919519,"none"
"270",1600,0.1,0.001,0.122097543413916,"none"
"271",1700,0.1,0.001,0.121515748179035,"none"
"272",1800,0.1,0.001,0.117438636819058,"none"
"273",1900,0.1,0.001,0.114425098950164,"none"
"274",2000,0.1,0.001,0.111023716965144,"none"
"275",2500,0.1,0.001,0.103030390093043,"none"
"276",3000,0.1,0.001,0.091439387893307,"none"
"277",3500,0.1,0.001,0.081197212017303,"none"
"278",4000,0.1,0.001,0.070959472377273,"none"
"279",4500,0.1,0.001,0.062317266903413,"none"
"280",5000,0.1,0.001,0.0552421475836269,"none"
"281",7500,0.1,0.001,0.0410891127601602,"none"
"282",10000,0.1,0.001,0.0258449245818624,"none"
